﻿<?xml version="1.0" encoding="utf-8" standalone="no"?>
<ApplicationPackage SchemaVersion="1.0" AppVersion="15.11.19" AutodeskProduct="AutoCAD" Description="" Author="abc" HelpFile="./Contents/Help.htm" ProductCode="{d26e7bec-9960-4689-a699-22aacfc6dbb6}" UpgradeCode="{b3328766-c9b2-43d1-abaf-b9a65e39a2f2}" Name="">
  <RuntimeRequirements OS="Win64" Platform="AutoCAD" SeriesMin="20.0" SeriesMax="20.1" />
  <Components Description="2016_64">
    <RuntimeRequirements OS="Win64" Platform="AutoCAD" SeriesMin="20.1" SeriesMax="20.1" />
    <ComponentEntry AppName="AU2015" Version="15.11.19" ModuleName="./Contents/2016/AutoCADAU2015.dll" AppDescription="AU2015 Add-In" LoadOnAutoCADStartup="True">
      <Commands GroupName="AU2015GROUP">
        <Command Local="AU2015" Global="AU2015" StartupCommand="True" ></Command>
      </Commands>
    </ComponentEntry>
  </Components>
</ApplicationPackage>
